<?xml version="1.0" encoding="UTF-8"?>  
<beans  
    xmlns="http://www.springframework.org/schema/beans"  
    xmlns:xsi="http://www.w3.org/2001/XMLSchema-instance"  
    xmlns:p="http://www.springframework.org/schema/p"  
    xsi:schemaLocation="http://www.springframework.org/schema/beans  
        http://www.springframework.org/schema/beans/spring-beans-3.0.xsd">  
  
  
    <bean id="dataSource" class="org.springframework.jdbc.datasource.DriverManagerDataSource">  
        <property name="driverClassName"  value="com.mysql.jdbc.Driver"></property>  
        <property name="url" value="jdbc:mysql://localhost:3306/smvc1"></property>  
        <property name="username" value="root"></property>  
        <property name="password" value="Welcome123"></property>  
    </bean>  
    
    <bean id="mysessionFactory"  class="org.springframework.orm.hibernate4.LocalSessionFactoryBean">  
        <property name="dataSource" ref="dataSource"></property>  
          
        <property name="annotatedClasses">  
        <list>  
        <value>com.mindtree.entity.Employee</value>  
        </list>  
        </property>  
          
        <property name="hibernateProperties">  
            <props>  
            	<prop key="hibenate.dialect">org.hibernate.dialect.MySQLDialect</prop>
                <prop key="hibernate.hbm2ddl.auto">update</prop>  
                <prop key="hibernate.show_sql">true</prop>  
                  
            </props>  
        </property>  
    </bean>  
	
    <bean id="template" class="org.springframework.orm.hibernate4.HibernateTemplate">  
    <property name="sessionFactory" ref="mysessionFactory"></property>  
    </bean>  
      
    <bean id="d" class="com.mindtree.doa.EmployeeDoaImple">  
    <property name="template" ref="template"></property>  
    </bean>  
       
    </beans> 