<?xml version="1.0"?>
<beans xsi:schemaLocation=" http://www.springframework.org/schema/beans 
http://www.springframework.org/schema/beans/spring-beans.xsd 
http://www.springframework.org/schema/context 
http://www.springframework.org/schema/context/spring-context.xsd 
http://www.springframework.org/schema/mvc 
http://www.springframework.org/schema/mvc/spring-mvc.xsd" 
xmlns:mvc="http://www.springframework.org/schema/mvc" 
xmlns:xsi="http://www.w3.org/2001/XMLSchema-instance" xmlns:context="http://www.springframework.org/schema/context" xmlns="http://www.springframework.org/schema/beans">

<context:component-scan base-package="com.gontuseries.studentadmissioncontroller"/>

<mvc:annotation-driven/>


<bean class="org.springframework.web.servlet.view.InternalResourceViewResolver" id="viewResolver">


<property name="prefix">

<value>/WEB-INF/</value>

</property>


<property name="suffix">

<value>.jsp</value>

</property>

</bean>

</beans>