<?xml version="1.0" encoding="UTF-8"?>
<beans xmlns="http://www.springframework.org/schema/beans"
	xmlns:xsi="http://www.w3.org/2001/XMLSchema-instance"
	xsi:schemaLocation="http://www.springframework.org/schema/beans http://www.springframework.org/schema/beans/spring-beans.xsd">
	<bean id="dataSource"
        class="org.springframework.jdbc.datasource.DriverManagerDataSource">
        <property name="driverClassName" value="com.mysql.jdbc.Driver" />
        <property name="url" value="jdbc:mysql://localhost/finalassignment" />
        <property name="username" value="root" />
        <property name="password" value="Welcome123" />
    </bean>
    <bean id="sessionFactory"
        class="org.springframework.orm.hibernate4.LocalSessionFactoryBean">
        <property name="dataSource" ref="dataSource" />
        <property name="configLocation" value="classpath:hibernate.cfg.xml" />
    </bean>
    <bean id="springHibernateExample" class="com.mindtree.finalassignment.daoimpl.ProjectDaoImpl">
        <property name="sessionFactory" ref="sessionFactory" />
    </bean>
</beans>
