<?xml version="1.0" encoding="UTF-8"?>
<!DOCTYPE beans PUBLIC "-//SPRING//DTD BEAN 2.0//EN" "http://www.springframework.org/dtd/spring-beans-2.0.dtd">


<beans>
	<bean id = "aclass" class = "com.mindtree.getNsetBeans.A">
      <property name = "msg1" value = "Hello World!"/>
      <property name = "msg2" value = "Hello Second World!"/>
   </bean>

   <bean id ="bclass" class = "com.mindtree.getNsetBeans.B" parent = "aclass">
      <property name = "msg1" value = "Hello India!"/>
      <property name = "msg3" value = "Namaste India!"/>
   </bean>

</beans>